{
  "percentile_candidates": [
    [
      0.1,
      99.9
    ],
    [
      0.5,
      99.5
    ],
    [
      1,
      99
    ],
    [
      2,
      98
    ],
    [
      5,
      95
    ]
  ],
  "iqr_1.5": {
    "lo": -2517.0,
    "hi": 7803.0
  },
  "iqr_3.0": {
    "lo": -6387.0,
    "hi": 11673.0
  },
  "mad_3.5": {
    "lo": -3383.22635,
    "hi": 8017.22635
  }
}