method,lo,hi,under_count,over_count,under_pct,over_pct
0.1p_99.9p,325.538,15711.69200000004,1,1,0.125,0.125
0.5p_99.5p,367.875,14318.515,4,4,0.5,0.5
1p_99p,425.83,12682.959999999997,8,8,1.0,1.0
2p_98p,517.32,11560.599999999999,16,16,2.0,2.0
5p_95p,701.0,8614.749999999998,39,40,4.875,5.0
IQR_1.5,-2517.0,7803.0,0,58,0.0,7.249999999999999
IQR_3.0,-6387.0,11673.0,0,15,0.0,1.875
MAD_3.5,-3383.22635,8017.22635,0,51,0.0,6.375
