{
  "train": {
    "accuracy": 0.7075,
    "precision": 0.56,
    "recall": 0.11666666666666667,
    "f1": 0.19310344827586207,
    "roc_auc": 0.671235119047619,
    "average_precision": 0.4603104117609825
  },
  "test": {
    "accuracy": 0.715,
    "precision": 0.5882352941176471,
    "recall": 0.16666666666666666,
    "f1": 0.2597402597402597,
    "roc_auc": 0.6471428571428571,
    "average_precision": 0.44554063721179904
  },
  "confusion_matrix_train": [
    [
      538,
      22
    ],
    [
      212,
      28
    ]
  ],
  "confusion_matrix_test": [
    [
      133,
      7
    ],
    [
      50,
      10
    ]
  ]
}