feature,count,mean,std,min,25%,50%,75%,max,nan_count
duration,1000.0,20.903,12.058814452756375,4.0,12.0,18.0,24.0,72.0,0
credit_amount,1000.0,3271.258,2822.7368759604406,250.0,1365.5,2319.5,3972.25,18424.0,0
installment_commitment,1000.0,2.973,1.1187146743126786,1.0,2.0,3.0,4.0,4.0,0
residence_since,1000.0,2.845,1.1037178956568536,1.0,2.0,3.0,4.0,4.0,0
age,1000.0,35.546,11.375468574317512,19.0,27.0,33.0,42.0,75.0,0
existing_credits,1000.0,1.407,0.5776544682461002,1.0,1.0,1.0,2.0,4.0,0
num_dependents,1000.0,1.155,0.36208577175319395,1.0,1.0,1.0,1.0,2.0,0
